correct_char,unknown_char_unicode,example
w,0x2208,"xed by an integer r {0x2208} {1, 2, . . .}, and"
e,0x16,"re such that C dk 1 {0x16} C2, where C dk 1 d"
r,0x2228,in fact argue that Q{0x2228}Bad1/2 holds with h
t,0xf,"of the ledger, (ii) {0xf} is the advantage i"
y,0x1c,"d of R slots, D = R {0x1c} L. The central ide"
u,0x222a,ongest chain from C {0x222a} {C}. Ties are brok
i,0x223c,"th, and height; the {0x223c} relation). A path "
o,0x10,"= µ(F) = max t16{0x223c}t2 {0x10} min{reach(t1),reac"
p,0x11,"each(t1),reach(t2)} {0x11} . We remark that t"
a,0x2203," for each k > 0, Pr[{0x2203}t, Yt = k] = α k , "
s,0x21d2,"pecifically, h < β ={0x21d2} d(h) ≤ min(length("
d,0x2282,sition 4.22. Let A0 {0x2282} A denote the set o
f,0x9,rcumvent Bad1/2. 5.2{0x9}Simulating a Truste
g,0x2295,"mpute output u = u1 {0x2295} u2. Note, however,"
h,0x22a5,e shares are set to {0x22a5} and considered cor
z,z,z
q,q,q
Q,0x2217,ocol Aggelos Kiayias{0x2217} Alexander Russell†
